{"F1 score": 0.33435945775288295, "Precision": 0.359251306388662, "Recall": 0.334650333563377, "Accuracy": 0.3358208955223881}