{"F1 score": 0.3966326485604331, "Precision": 0.4162820512820513, "Recall": 0.41094070016670636, "Accuracy": 0.45112781954887216}