{"RMSE": 86.56513911025789, "R^2": 0.680715961865089}