{"RMSE": 91.54471502204882, "R^2": 0.3138931843893751}