{"F1 score": 0.968512960206343, "Precision": 0.978069498069498, "Recall": 0.9623076923076923, "Accuracy": 0.9699248120300752}