{"F1 score": 0.7099867235656709, "Precision": 0.7547967479674795, "Recall": 0.7078042391045487, "Accuracy": 0.7218045112781954}