{"F1 score": 0.679988629256922, "Precision": 0.702949494949495, "Recall": 0.6697219346675869, "Accuracy": 0.6716417910447762}