{"RMSE": 128.61888820430644, "R^2": 0.2951436001613764}