{"RMSE": 128.26898642085123, "R^2": 0.29897344259474545}