{"RMSE": 46.80680419920414, "R^2": 0.9066511171043525}