{"RMSE": 47.545144143242304, "R^2": 0.9036828814197181}