{"F1 score": 0.9852578092321167, "Precision": 0.9856060606060606, "Recall": 0.9854497354497355, "Accuracy": 0.9850746268656716}