{"F1 score": 0.9932413404674738, "Precision": 0.9925925925925926, "Recall": 0.9941176470588236, "Accuracy": 0.9924812030075187}