{"RMSE": 1.4208437607566862, "R^2": 0.9999139830985586}